epoch,time,train/box_loss,train/pose_loss,train/kobj_loss,train/cls_loss,train/dfl_loss,metrics/precision(B),metrics/recall(B),metrics/mAP50(B),metrics/mAP50-95(B),metrics/precision(P),metrics/recall(P),metrics/mAP50(P),metrics/mAP50-95(P),val/box_loss,val/pose_loss,val/kobj_loss,val/cls_loss,val/dfl_loss,lr/pg0,lr/pg1,lr/pg2
1,5.68831,1.63521,9.99146,0.70649,2.72893,1.7745,0.40347,0.63889,0.44222,0.15395,0,0,0,0,2.76081,10.2483,0.68234,3.20971,3.21741,0.000583333,0.000583333,0.000583333
2,8.9397,1.60852,9.645,0.70804,1.43538,1.68261,0.54442,0.63889,0.58089,0.29369,0,0,0,0,1.91731,9.91205,0.66908,3.55065,2.4647,0.00122525,0.00122525,0.00122525
3,11.9942,1.53131,8.96835,0.70241,1.38163,1.64597,0.48876,0.27778,0.33563,0.14948,0,0,0,0,2.80722,9.73079,0.66284,6.12701,4.52704,0.00184077,0.00184077,0.00184077
4,14.9685,1.47159,8.71714,0.71019,1.49325,1.60542,0.2464,0.58333,0.21019,0.06099,0,0,0,0,2.04798,8.87918,0.63297,7.97715,3.48087,0.0018812,0.0018812,0.0018812
5,17.9276,1.29166,8.4358,0.7097,1.30922,1.50716,0.3113,0.52778,0.36054,0.10614,0,0,0,0,2.43393,8.99281,0.64086,16.208,3.71313,0.0018416,0.0018416,0.0018416
6,20.9203,1.26922,7.91915,0.69623,1.10233,1.4443,0.08907,0.16667,0.09044,0.01965,0,0,0,0,2.87663,9.82,0.64025,22.0211,5.26879,0.001802,0.001802,0.001802
7,23.8625,1.26793,7.80482,0.68111,1.04843,1.42716,0.4515,0.36111,0.32765,0.08358,0,0,0,0,2.83983,9.58573,0.6424,3.47598,4.36357,0.0017624,0.0017624,0.0017624
8,26.8337,1.24327,7.61895,0.67549,0.99833,1.5162,0.73705,0.44444,0.48496,0.17238,0,0,0,0,2.85537,9.56912,0.63856,4.03586,4.51198,0.0017228,0.0017228,0.0017228
9,29.8292,1.19289,7.51649,0.67446,0.95281,1.40692,0.54223,0.69444,0.60328,0.29188,0.00826,0.02778,0.00025,5e-05,2.25108,8.11773,0.61297,2.4287,3.07724,0.0016832,0.0016832,0.0016832
10,32.8407,1.21336,7.16189,0.66819,0.96312,1.41014,0.56246,0.69444,0.53346,0.25057,0,0,0,0,2.46978,8.2948,0.60343,3.10587,3.04503,0.0016436,0.0016436,0.0016436
11,35.7759,1.13081,7.19246,0.66775,0.93005,1.3784,0.68203,0.61111,0.59643,0.28572,0.01457,0.02778,0.00038,4e-05,2.02083,8.48326,0.60411,2.62742,2.67713,0.001604,0.001604,0.001604
12,38.8199,1.10955,7.06471,0.65856,0.91272,1.34894,0.62735,0.51464,0.55112,0.29437,0.06799,0.05556,0.00473,0.00047,1.78792,7.85518,0.6045,2.17992,2.46269,0.0015644,0.0015644,0.0015644
13,41.9509,1.12437,6.83302,0.64696,0.88074,1.37249,0.65878,0.5,0.51301,0.25744,0.08046,0.05556,0.00478,0.00205,2.19869,7.74682,0.61977,2.73195,2.82267,0.0015248,0.0015248,0.0015248
14,44.8743,1.10226,6.84791,0.64823,0.85791,1.36847,0.72647,0.58333,0.67449,0.38251,0.09165,0.05556,0.00674,0.00112,1.91663,7.3712,0.62267,2.50835,2.56707,0.0014852,0.0014852,0.0014852
15,47.866,1.13778,6.49904,0.65129,0.90674,1.38388,0.76395,0.71929,0.78729,0.45067,0.12587,0.11111,0.03525,0.00845,1.55199,7.33258,0.62446,1.34052,2.26379,0.0014456,0.0014456,0.0014456
16,50.8842,1.04601,6.42916,0.64116,0.79437,1.2756,0.84099,0.88166,0.92342,0.54998,0.29458,0.13922,0.07868,0.01695,1.50051,7.26202,0.61988,1.02403,2.05549,0.001406,0.001406,0.001406
17,53.8507,1.08756,6.41365,0.63104,0.85775,1.35096,0.8498,0.72222,0.83176,0.50221,0.22966,0.19444,0.05194,0.00744,1.54113,7.16459,0.62085,1.02081,2.2008,0.0013664,0.0013664,0.0013664
18,56.8371,1.05464,6.08464,0.63097,0.81598,1.29287,0.88772,0.65906,0.83989,0.53712,0.2991,0.22222,0.08239,0.01566,1.45446,7.57469,0.61018,1.3698,1.95481,0.0013268,0.0013268,0.0013268
19,59.8249,0.95779,6.07733,0.63105,0.78405,1.23416,0.8099,0.86111,0.87391,0.6027,0.39507,0.27778,0.23764,0.06101,1.26287,6.91339,0.60726,1.29832,1.73887,0.0012872,0.0012872,0.0012872
20,62.8389,0.89939,5.72535,0.62212,0.73393,1.20608,0.74163,0.88889,0.90693,0.65018,0.31118,0.16667,0.11019,0.05162,1.11394,6.36429,0.61698,1.14637,1.57287,0.0012476,0.0012476,0.0012476
21,65.939,1.05125,5.96085,0.62901,0.80221,1.3114,0.78027,0.77778,0.88944,0.61639,0.22188,0.22222,0.10807,0.03282,1.13276,6.32757,0.62252,1.05932,1.89706,0.001208,0.001208,0.001208
22,68.886,0.9917,5.83646,0.62479,0.76719,1.31272,0.843,0.77778,0.89542,0.61703,0.45829,0.35272,0.25425,0.0782,1.06879,6.00852,0.62406,0.82622,1.58031,0.0011684,0.0011684,0.0011684
23,71.8834,0.8788,5.61375,0.62357,0.72321,1.1991,0.90853,0.8278,0.94279,0.64297,0.44029,0.33333,0.27318,0.09551,1.08741,5.81453,0.62183,0.7703,1.5613,0.0011288,0.0011288,0.0011288
24,74.9944,0.92954,5.64589,0.61334,0.74213,1.24694,0.8249,0.83333,0.90889,0.55785,0.32309,0.33333,0.19878,0.03813,1.21769,6.06635,0.6236,0.81,1.77666,0.0010892,0.0010892,0.0010892
25,78,0.86038,5.55834,0.62538,0.70212,1.19031,0.85603,0.82599,0.92462,0.60153,0.44132,0.36111,0.21718,0.06581,1.18503,6.04501,0.62752,0.88532,1.81208,0.0010496,0.0010496,0.0010496
26,80.9352,0.92781,5.44048,0.61606,0.71622,1.21564,0.98206,0.83333,0.95859,0.61765,0.58785,0.44444,0.35275,0.08896,1.26022,5.86837,0.62689,0.93567,1.94758,0.00101,0.00101,0.00101
27,83.8833,0.87379,5.2935,0.60902,0.68303,1.21076,0.96865,0.85825,0.97384,0.67129,0.62061,0.47222,0.36864,0.06798,1.21173,5.9612,0.61729,0.7162,1.88219,0.0009704,0.0009704,0.0009704
28,86.828,0.89377,5.24403,0.61806,0.69676,1.20198,0.83564,1,0.9771,0.65934,0.63914,0.5,0.42765,0.10834,1.25896,5.90447,0.60482,0.68804,1.76229,0.0009308,0.0009308,0.0009308
29,89.7979,0.84154,5.12752,0.62479,0.6668,1.19473,0.91662,0.91616,0.98097,0.64846,0.69836,0.52778,0.45551,0.09682,1.21652,5.71833,0.60274,0.6734,1.64801,0.0008912,0.0008912,0.0008912
30,92.7321,0.79472,5.11786,0.61402,0.64349,1.15028,0.93455,0.88889,0.97334,0.66922,0.57011,0.44444,0.33662,0.09322,1.08971,5.68257,0.61213,0.63246,1.49062,0.0008516,0.0008516,0.0008516
31,95.6878,0.84377,4.80866,0.59801,0.61909,1.18918,0.89369,0.93421,0.959,0.66981,0.56433,0.52778,0.40692,0.09156,1.12187,5.81808,0.6224,0.67233,1.55753,0.000812,0.000812,0.000812
32,98.6781,0.80562,4.80307,0.60859,0.60034,1.13968,0.82857,0.93993,0.93504,0.68304,0.59787,0.41667,0.37175,0.12634,1.0674,5.94618,0.61527,0.70988,1.51275,0.0007724,0.0007724,0.0007724
33,102.301,0.79216,4.84994,0.59312,0.62266,1.1476,0.91416,0.88889,0.95403,0.66305,0.51028,0.5,0.38527,0.10972,0.99784,6.04808,0.60511,0.77294,1.47196,0.0007328,0.0007328,0.0007328
34,106.289,0.80365,4.91459,0.61229,0.5962,1.17109,0.91626,0.91667,0.97103,0.68603,0.54123,0.5,0.38852,0.123,1.03324,5.92745,0.61073,0.77369,1.52128,0.0006932,0.0006932,0.0006932
35,109.899,0.74632,4.97229,0.59651,0.5883,1.15449,0.90899,0.91667,0.97092,0.69326,0.59789,0.5,0.41453,0.13896,1.02746,5.731,0.6167,0.79065,1.51106,0.0006536,0.0006536,0.0006536
36,113.112,0.82492,4.97079,0.60486,0.65005,1.17912,0.91289,0.87355,0.97062,0.70491,0.59305,0.5,0.48235,0.16335,1.02132,5.52051,0.6282,0.75321,1.47904,0.000614,0.000614,0.000614
37,116.163,0.79107,4.8263,0.60092,0.63761,1.11581,0.85464,0.97222,0.96541,0.70592,0.61421,0.58333,0.52013,0.16403,1.06775,5.44589,0.63454,0.7395,1.50034,0.0005744,0.0005744,0.0005744
38,119.257,0.73521,4.35152,0.60841,0.55215,1.09659,0.87528,0.97475,0.97467,0.70979,0.6049,0.58333,0.52155,0.18214,1.06511,5.34385,0.63558,0.71848,1.50224,0.0005348,0.0005348,0.0005348
39,122.778,0.76708,4.43278,0.60875,0.58796,1.14518,0.92035,0.96312,0.98347,0.70201,0.58008,0.57575,0.46659,0.17995,1.01767,5.34756,0.63415,0.65607,1.4811,0.0004952,0.0004952,0.0004952
40,126.078,0.7559,4.68719,0.60518,0.58069,1.13276,0.94537,0.96148,0.99151,0.71954,0.5978,0.55556,0.47926,0.17848,1.02727,5.35797,0.62992,0.60406,1.47494,0.0004556,0.0004556,0.0004556
41,140.801,0.60707,4.10038,0.58199,0.53836,1.06548,0.97272,0.99077,0.99365,0.73637,0.61028,0.55556,0.4635,0.15685,1.1308,5.36752,0.62048,0.5521,1.59804,0.000416,0.000416,0.000416
42,144.721,0.61663,3.86934,0.5748,0.48646,1.07332,0.94769,0.94444,0.98166,0.71403,0.55086,0.52778,0.40435,0.11155,1.10475,5.40842,0.61094,0.61872,1.60247,0.0003764,0.0003764,0.0003764
43,147.734,0.56502,3.74952,0.58174,0.42962,1.05396,0.90892,0.94444,0.95907,0.71426,0.59069,0.44444,0.38622,0.12889,1.02667,5.42188,0.60732,0.63984,1.52285,0.0003368,0.0003368,0.0003368
44,150.927,0.54576,3.75948,0.57897,0.4093,1.02854,0.93853,0.91667,0.96637,0.72391,0.51077,0.41667,0.34023,0.12483,1.01848,5.39037,0.60774,0.59918,1.50005,0.0002972,0.0002972,0.0002972
45,154.529,0.57791,3.63974,0.55912,0.40602,1.04855,0.95674,0.88889,0.97318,0.74245,0.54629,0.44444,0.38002,0.14394,1.0147,5.36139,0.60702,0.60191,1.47416,0.0002576,0.0002576,0.0002576
46,157.981,0.55401,3.54121,0.5537,0.4085,1.01517,0.91023,0.91667,0.96586,0.72285,0.5899,0.51962,0.43931,0.17211,1.03559,5.3086,0.60102,0.606,1.48254,0.000218,0.000218,0.000218
47,161.366,0.54001,3.69117,0.5743,0.40671,1.04983,0.91634,0.94444,0.97358,0.70673,0.57508,0.58333,0.48899,0.18722,1.05133,5.2745,0.59567,0.60195,1.48527,0.0001784,0.0001784,0.0001784
48,164.902,0.5175,3.59907,0.56484,0.38687,0.99099,0.94322,0.92301,0.98046,0.71619,0.66049,0.61111,0.54053,0.19224,1.03793,5.22657,0.58921,0.56974,1.48804,0.0001388,0.0001388,0.0001388
49,168.307,0.54799,3.36879,0.55322,0.39523,1.01195,0.96831,0.94444,0.98067,0.73087,0.66006,0.61111,0.53787,0.19163,1.0009,5.18958,0.58735,0.56475,1.46237,9.92e-05,9.92e-05,9.92e-05
50,171.797,0.5215,3.42539,0.56298,0.37344,0.98527,0.96648,0.94444,0.98063,0.73015,0.69447,0.63889,0.5796,0.20043,0.97494,5.14392,0.58589,0.53389,1.42302,5.96e-05,5.96e-05,5.96e-05
